crash,
crash,
crash,
crash,
crash,
crash,
crash,
crash,
crash,
crash,
crash,
crash,
crash,
crash,
crash,
crash,
crash,
crash,
crash,
crash,
crash,
crash,
crash,
crash,
crash,
crash,
crash,
crash,
crash,
crash,
crash,
crash,
crash,
crash,
crash,
crash,
crash,
crash,
crash,
crash,
crash,
crash,
crash,
crash,
crash,
crash,
crash,
crash,
crash,
crash,
crash,
crash,
crash,
crash,
crash,
crash,
crash,
crash,
crash,
crash,
crash,
crash,
crash,
crash,
crash,
crash,
crash,
crash,
crash,
crash,
crash,
crash,
crash,
crash,
crash,
crash,
crash,
crash,
crash,
crash,
crash,
crash,
crash,
crash,
crash,
crash,
crash,
crash,
crash,
crash,
crash,
crash,
crash,
crash,
crash,
crash,
crash,
crash,
crash,
crash,
crash,
crash,
crash,
crash,
crash,
crash,
crash,
crash,
crash,
crash,
crash,
crash,
crash,
crash,
crash,
crash,
crash,
crash,
crash,
crash,
crash,
crash,
crash,
crash,
crash,
crash,
crash,
crash,
crash,
crash,
crash,
crash,
crash,
crash,
crash,
crash,
crash,
crash,
crash,
crash,
crash,
crash,
crash,
crash,
crash,
crash,
crash,
crash,
crash,
crash,
crash,
crash,
crash,
crash,
crash,
crash,
crash,
crash,
crash,
crash,
crash,
crash,
crash,
crash,
crash,
crash,
crash,
crash,
crash,
crash,
crash,
crash,
crash,
crash,
crash,
crash,
crash,
crash,
crash,
crash,
crash,
crash,
crash,
crash,
crash,
crash,
crash,
crash,
crash,
crash,
crash,
crash,
crash,
crash,
crash,
crash,
crash,
crash,
crash,
crash